<?xml version="1.0" encoding="UTF-8" ?>
<!DOCTYPE configuration PUBLIC "-//mybatis.org//DTD Config 3.0//EN" "http://mybatis.org/dtd/mybatis-3-config.dtd">
<configuration>
	<typeAliases>
	<!-- 
		<typeAlias alias="songvo" type="com.enter.sbms.vo.BusinfoVo"/>
		<typeAlias alias="yearvo" type="com.enter.sbms.vo.RealtimeVo"/>
	 -->		
    </typeAliases>	
	
	<mappers>
	<!-- 
		<mapper resource="mybatis/mappers/businfo.xml"/>
		<mapper resource="mybatis/mappers/driverinfo.xml"/>
		<mapper resource="mybatis/mappers/passenger.xml"/>
	 -->
	</mappers>
	
</configuration>
