<?xml version="1.0" encoding="UTF-8" ?>
<!DOCTYPE mapper PUBLIC "-//mybatis.org//DTD Mapper 3.0//EN" "http://mybatis.org/dtd/mybatis-3-mapper.dtd">

<mapper namespace="song_past">
	
	
	<insert id="insertsong" parameterType="songvo">
		<![CDATA[
			insert into TB_SONG_PAST  
			values( seq_song_past_idx.nextval , 
					#{title },
					#{artist },
					#{rank },
					#{yearId }
					)
		]]>
	</insert>
	
	<select id="selecteachlist" parameterType="songvo" resultType="songvo">
      	<![CDATA[
	      	select *
	       	FROM TB_SONG_PAST
	      	where yearid = #{yearId }
      	]]>
   </select>
	<!-- 
	<select id="getList" resultType="galleryvo">
		<![CDATA[
		  select no, comments, image_url as imageUrl
		  from gallery 
		  order by no desc
		]]>
	</select>

	<insert id="insert" parameterType="galleryvo">
		<![CDATA[
		insert into gallery (no, comments, image_url) 
		values(#{no }, 
				#{comments },
				#{imageUrl })
		]]>
		<selectKey keyProperty="no" resultType="long" order="BEFORE">
			select seq_gallery.nextval from dual
		</selectKey>
	</insert>
	 -->
</mapper>
