<?xml version="1.0" encoding="UTF-8" ?>
<!DOCTYPE mapper PUBLIC "-//mybatis.org//DTD Mapper 3.0//EN" "http://mybatis.org/dtd/mybatis-3-mapper.dtd">

<mapper namespace="user">
<!-- 
	<select id="getByEmailAndPassword" 
			parameterType="map"
			resultType="uservo">
		<![CDATA[
		select no, name, role 
		  from member 
		 where email=#{email }
		   and password=#{password }
		]]>
	</select>

	<select id="getByNo" 
			parameterType="long"
			resultType="uservo">
		<![CDATA[
		select no, name, email, gender
		  from member 
		 where no=#{no }
		]]>
	</select>

	<select id="getByEmail" 
			parameterType="string"
			resultType="uservo">
		<![CDATA[
		select no, name 
		  from member 
		 where email=#{email }
		]]>
	</select>
			
	<update id="update" parameterType="uservo">
		<![CDATA[
			update member 
			   set name=#{name },
		]]>
		<if test="password != ''">
			<![CDATA[			   
			  	   password=#{password },
			]]>  	   
		</if>	   	   
		<![CDATA[	   	   
			       gender=#{gender }
			 where no=#{no }		
		]]>
	</update>			
	
			
			
	<insert id="insert" parameterType="uservo">
		<![CDATA[
		insert 
		  into member
	    values (seq_member.nextval, 
	    		#{name },
	    		#{password },
	    		#{email },
	    		#{gender },
	    		sysdate,
	    		'USER')
	    ]]>		
	</insert>
	 -->
</mapper>
